frame_idx,time,node_idx,node_x,node_y,node_z,radial_dist,overlap,normal_force,normal_velocity,tangential_speed,friction_force,cyl_center_x,cyl_center_y,cyl_center_z,cyl_axis_x,cyl_axis_y,cyl_axis_z,cyl_radius
4,0.13333073205001097,72,0.04713772346243493,0.0,-0.020727512330213506,0.009272487669786493,0.0007275123302135072,1.4550246604270143,-0.23752931264096697,0.5348088346741932,0.8730147962562086,0.025,0.0,-0.03,0.0,1.0,0.0,0.01
4,0.13333073205001097,73,0.046652406432514275,0.0,-0.021875621465657354,0.008124378534342645,0.0018756214656573556,3.751242931314711,-0.17971802200650136,0.5344170857043625,2.2507457587888267,0.025,0.0,-0.03,0.0,1.0,0.0,0.01
4,0.13333073205001097,74,0.046155902457298795,0.0,-0.02301887104758247,0.00698112895241753,0.0030188710475824703,6.0377420951649405,-0.21435386654579708,0.57343236634669,3.6226452570989642,0.025,0.0,-0.03,0.0,1.0,0.0,0.01
4,0.13333073205001097,75,0.04564792921917409,0.0,-0.024157070881251175,0.0058429291187488235,0.004157070881251177,8.314141762502354,-0.16783110125994366,0.5769813031338757,4.988485057501412,0.025,0.0,-0.03,0.0,1.0,0.0,0.01
4,0.13333073205001097,76,0.04512821441942625,0.0,-0.025290062319885356,0.0047099376801146425,0.005290062319885358,10.580124639770716,-0.1914250784182671,0.6120082684049158,6.34807478386243,0.025,0.0,-0.03,0.0,1.0,0.0,0.01
4,0.13333073205001097,77,0.0445966720518855,0.0,-0.026417352507274453,0.0035826474927255457,0.0064173525072744545,12.83470501454891,-0.15725102473212044,0.6204940069156268,7.700823008729345,0.025,0.0,-0.03,0.0,1.0,0.0,0.01
4,0.13333073205001097,78,0.044052951165481545,0.0,-0.027539076924640575,0.002460923075359424,0.007539076924640576,15.078153849281152,-0.15685651224206,0.6447282016525906,9.04689230956869,0.025,0.0,-0.03,0.0,1.0,0.0,0.01
4,0.13333073205001097,79,0.04349709845335224,0.0,-0.028654600680259164,0.001345399319740835,0.008654600680259165,17.30920136051833,-0.1575817294732869,0.6694477147587978,10.385520816310997,0.025,0.0,-0.03,0.0,1.0,0.0,0.01
4,0.13333073205001097,80,0.04298211020014112,0.0,-0.029793668630873994,0.00020633136912600464,0.009793668630873996,19.58733726174799,-0.12344765130255918,0.6783585334649586,11.752402357048794,0.025,0.0,-0.03,0.0,1.0,0.0,0.01
5,0.16666341506251373,70,0.04564103527960949,0.0,-0.020866887556594656,0.009133112443405342,0.0008668875565946577,1.7337751131893155,-0.013910916987726247,0.020035009801816033,1.0402650679135892,0.025,0.0,-0.03,0.0,1.0,0.0,0.01
5,0.16666341506251373,71,0.04492444002261891,0.0,-0.021885927460216822,0.008114072539783176,0.0018859274602168238,3.7718549204336473,-0.01847048455822487,0.014789687043295655,2.2631129522601885,0.025,0.0,-0.03,0.0,1.0,0.0,0.01
5,0.16666341506251373,72,0.04419766292324396,0.0,-0.02289782995641839,0.0071021700435816085,0.0028978299564183917,5.795659912836784,-0.03817318309929234,0.0020655841614080433,3.47739594770207,0.025,0.0,-0.03,0.0,1.0,0.0,0.01
5,0.16666341506251373,73,0.0434606591419587,0.0,-0.023902168840557236,0.0060978311594427625,0.0039021688405572377,7.804337681114475,0.012003051786148803,0.03274826769077359,4.682602608668685,0.025,0.0,-0.03,0.0,1.0,0.0,0.01
5,0.16666341506251373,74,0.04271311539295974,0.0,-0.024898929004377814,0.005101070995622185,0.004898929004377816,9.79785800875563,-0.056867510805134296,0.021568689843786126,5.878714805253378,0.025,0.0,-0.03,0.0,1.0,0.0,0.01
5,0.16666341506251373,75,0.04195521786453712,0.0,-0.02588748855602024,0.0041125114439797585,0.005887488556020242,11.774977112040483,0.020987027740907334,0.0357829435048151,7.06498626722429,0.025,0.0,-0.03,0.0,1.0,0.0,0.01
5,0.16666341506251373,76,0.04118657236504271,0.0,-0.026868038553239115,0.0031319614467608843,0.006868038553239116,13.736077106478232,-0.042644130585457254,0.0164467405126207,8.241646263886938,0.025,0.0,-0.03,0.0,1.0,0.0,0.01
5,0.16666341506251373,77,0.040407348483112976,0.0,-0.027840086308185786,0.002159913691814213,0.007840086308185787,15.680172616371575,-0.006541468752840687,0.009715234409897303,9.408103569822945,0.025,0.0,-0.03,0.0,1.0,0.0,0.01
5,0.16666341506251373,78,0.039617620113896156,0.0,-0.02880334076183158,0.0011966592381684182,0.008803340761831582,17.606681523663163,0.0014110219909698528,0.013847527756017169,10.564008914197897,0.025,0.0,-0.03,0.0,1.0,0.0,0.01
5,0.16666341506251373,79,0.03881690945626577,0.0,-0.029758217683991423,0.00024178231600857636,0.009758217683991424,19.516435367982847,-0.04634896628991571,0.026102938115230147,11.709861220789708,0.025,0.0,-0.03,0.0,1.0,0.0,0.01
5,0.16666341506251373,80,0.03802633710542811,0.0,-0.030725582110436755,0.0007255821104367559,0.009274417889563244,18.548835779126488,-0.022593312729009146,0.02743712329955517,11.129301467475893,0.025,0.0,-0.03,0.0,1.0,0.0,0.01
6,0.19999609807501645,69,0.04647440431403514,0.0,-0.020531989481880293,0.009468010518119706,0.0005319894818802944,1.0639789637605888,-0.258370516386025,0.16489360256389615,0.6383873782563533,0.025,0.0,-0.03,0.0,1.0,0.0,0.01
6,0.19999609807501645,70,0.04574669726722585,0.0,-0.02155185160079893,0.00844814839920107,0.0015518516007989296,3.103703201597859,0.14129009258706646,0.12123574701947612,1.8622219209587154,0.025,0.0,-0.03,0.0,1.0,0.0,0.01
6,0.19999609807501645,71,0.04501677864693736,0.0,-0.022553816070654945,0.007446183929345054,0.002553816070654946,5.1076321413098915,-0.10563051136438921,0.05492234597424806,3.064579284785935,0.025,0.0,-0.03,0.0,1.0,0.0,0.01
6,0.19999609807501645,72,0.04427123963919905,0.0,-0.023555859912517404,0.006444140087482595,0.003555859912517405,7.11171982503481,-0.12127953990023914,0.07335173301605584,4.267031895020886,0.025,0.0,-0.03,0.0,1.0,0.0,0.01
6,0.19999609807501645,73,0.04351653647650364,0.0,-0.024548593369558565,0.005451406630441434,0.004548593369558566,9.097186739117133,0.20399524741953792,0.18272313646448274,5.458312043470279,0.025,0.0,-0.03,0.0,1.0,0.0,0.01
6,0.19999609807501645,74,0.04275540106373363,0.0,-0.025528360380660756,0.0044716396193392426,0.005528360380660758,11.056720761321515,-0.3807539460048925,0.2781004853943711,6.634032456792909,0.025,0.0,-0.03,0.0,1.0,0.0,0.01
6,0.19999609807501645,75,0.041976031066756875,0.0,-0.026509726299325014,0.0034902737006749854,0.006509726299325015,13.01945259865003,0.31288047924791135,0.27533479057095295,7.811671559190017,0.025,0.0,-0.03,0.0,1.0,0.0,0.01
6,0.19999609807501645,76,0.04119506778794546,0.0,-0.027471561907542102,0.0025284380924578964,0.007471561907542104,14.943123815084208,-0.2804815087194531,0.20254645905422405,8.965874289050525,0.025,0.0,-0.03,0.0,1.0,0.0,0.01
6,0.19999609807501645,77,0.04039675271995929,0.0,-0.028433134003582917,0.0015668659964170814,0.008433134003582919,16.86626800716584,0.013408076512875424,0.03311623643980113,10.119760804299503,0.025,0.0,-0.03,0.0,1.0,0.0,0.01
6,0.19999609807501645,78,0.039590106763938024,0.0,-0.029383141687321673,0.0006168583126783256,0.009383141687321675,18.76628337464335,0.12454225119153789,0.1372736868034931,11.25977002478601,0.025,0.0,-0.03,0.0,1.0,0.0,0.01
6,0.19999609807501645,79,0.03877634602177416,0.0,-0.030320252650944776,0.0003202526509447773,0.009679747349055223,19.359494698110446,0.3530168201269979,0.2796284676058421,11.615696818866267,0.025,0.0,-0.03,0.0,1.0,0.0,0.01
6,0.19999609807501645,80,0.037961271386291996,0.0,-0.031277040219376516,0.001277040219376517,0.008722959780623483,17.445919561246967,-0.38787317593924725,0.3561400687819846,10.46755173674818,0.025,0.0,-0.03,0.0,1.0,0.0,0.01
7,0.2333287810875192,69,0.04635378298029769,0.0,-0.021022533680993973,0.008977466319006026,0.0010225336809939738,2.0450673619879476,-2.4973185502622175,1.7766072329683413,1.2270404171927685,0.025,0.0,-0.03,0.0,1.0,0.0,0.01
7,0.2333287810875192,70,0.045645134180230904,0.0,-0.022021555825764188,0.007978444174235811,0.002021555825764189,4.0431116515283785,2.936551829489723,2.099691420224922,2.425866990917027,0.025,0.0,-0.03,0.0,1.0,0.0,0.01
7,0.2333287810875192,71,0.04490312533317628,0.0,-0.023046090642688095,0.0069539093573119035,0.0030460906426880967,6.092181285376194,-2.2358106141982788,1.6513459666975527,3.655308771225716,0.025,0.0,-0.03,0.0,1.0,0.0,0.01
7,0.2333287810875192,72,0.04416756844958881,0.0,-0.024040273663669596,0.005959726336330403,0.004040273663669597,8.080547327339195,0.906790850896331,0.6588545403379509,4.848328396403517,0.025,0.0,-0.03,0.0,1.0,0.0,0.01
7,0.2333287810875192,73,0.043418944093655744,0.0,-0.025031110354104633,0.004968889645895366,0.005031110354104635,10.062220708209269,0.7591788751282924,0.5736208525155158,6.0373324249255615,0.025,0.0,-0.03,0.0,1.0,0.0,0.01
7,0.2333287810875192,74,0.042647534247504205,0.0,-0.026029720847969052,0.003970279152030947,0.006029720847969053,12.059441695938107,-1.9692428144056275,1.5608024999342645,7.235665017562864,0.025,0.0,-0.03,0.0,1.0,0.0,0.01
7,0.2333287810875192,75,0.04188914793764045,0.0,-0.026990437334384724,0.003009562665615275,0.006990437334384725,13.98087466876945,2.4722422270691813,1.9624288955133107,8.38852480126167,0.025,0.0,-0.03,0.0,1.0,0.0,0.01
7,0.2333287810875192,76,0.041093637554568636,0.0,-0.02797606480157623,0.002023935198423768,0.007976064801576232,15.952129603152464,-1.9448761245033064,1.6027641643540271,9.571277761891478,0.025,0.0,-0.03,0.0,1.0,0.0,0.01
7,0.2333287810875192,77,0.040307648991937,0.0,-0.028928151367712755,0.0010718486322872436,0.008928151367712757,17.856302735425512,0.8425269164780974,0.6802224299060518,10.713781641255308,0.025,0.0,-0.03,0.0,1.0,0.0,0.01
7,0.2333287810875192,78,0.03950547186549267,0.0,-0.02987870265742388,0.00012129734257611963,0.00987870265742388,19.757405314847762,0.6211085949408217,0.5197326512590199,11.854443188908657,0.025,0.0,-0.03,0.0,1.0,0.0,0.01
7,0.2333287810875192,79,0.03868189178540207,0.0,-0.030832859064521146,0.0008328590645211471,0.009167140935478853,18.334281870957707,1.6803373217560091,1.4979380928619854,11.000569122574623,0.025,0.0,-0.03,0.0,1.0,0.0,0.01
7,0.2333287810875192,80,0.037889031637239466,0.0,-0.03177033384565744,0.0017703338456574388,0.008229666154342561,16.459332308685124,-2.1361090819578084,1.750215860008343,9.875599385211073,0.025,0.0,-0.03,0.0,1.0,0.0,0.01
8,0.26666146410002195,71,0.04532647020878284,0.0,-0.020614131896282018,0.00938586810371798,0.0006141318962820195,1.228263792564039,-3.908465783333222,3.1649767796294954,0.7369582755384233,0.025,0.0,-0.03,0.0,1.0,0.0,0.01
8,0.26666146410002195,72,0.04459196039239757,0.0,-0.021543677441875384,0.008456322558124615,0.0015436774418753855,3.087354883750771,2.192363650017559,1.6661807797097241,1.8524129302504626,0.025,0.0,-0.03,0.0,1.0,0.0,0.01
8,0.26666146410002195,73,0.043816932837762446,0.0,-0.022505436184537948,0.007494563815462051,0.002505436184537949,5.010872369075898,0.7769487260128422,0.5150136744331058,3.0065234214455385,0.025,0.0,-0.03,0.0,1.0,0.0,0.01
8,0.26666146410002195,74,0.04297179063758304,0.0,-0.02352938925021698,0.0064706107497830186,0.0035293892502169816,7.058778500433963,-2.906499210429032,2.538412880345185,4.235267100260377,0.025,0.0,-0.03,0.0,1.0,0.0,0.01
8,0.26666146410002195,75,0.04224144031657451,0.0,-0.024395888279054367,0.0056041117209456315,0.004395888279054369,8.791776558108737,4.198588753933094,3.4652124663994366,5.275065934865242,0.025,0.0,-0.03,0.0,1.0,0.0,0.01
8,0.26666146410002195,76,0.04135100840319077,0.0,-0.02542876335685707,0.004571236643142927,0.005428763356857073,10.857526713714146,-3.38262721411045,3.0907057781155824,6.5145160282284875,0.025,0.0,-0.03,0.0,1.0,0.0,0.01
8,0.26666146410002195,77,0.04056858533756244,0.0,-0.0263150504074707,0.0036849495925293,0.0063150504074707,12.6301008149414,1.9826658341933308,1.6515296676544526,7.57806048896484,0.025,0.0,-0.03,0.0,1.0,0.0,0.01
8,0.26666146410002195,78,0.03973869865004575,0.0,-0.027236161163581414,0.002763838836418585,0.007236161163581415,14.47232232716283,0.6868241013655146,0.4919480155905532,8.683393396297697,0.025,0.0,-0.03,0.0,1.0,0.0,0.01
8,0.26666146410002195,79,0.03884219937208799,0.0,-0.028208865778156723,0.0017911342218432762,0.008208865778156724,16.41773155631345,-2.4914576352481452,2.5502179554810858,9.850638933788069,0.025,0.0,-0.03,0.0,1.0,0.0,0.01
8,0.26666146410002195,80,0.03808141308343262,0.0,-0.029055074424551502,0.0009449255754484971,0.009055074424551503,18.110148849103005,3.116278555298663,2.522854822134428,10.866089309461803,0.025,0.0,-0.03,0.0,1.0,0.0,0.01
9,0.2999941471125247,80,0.03422781545020749,0.0,-0.020877886984542734,0.009122113015457265,0.0008778869845427351,1.7557739690854703,-6.010378936649265,0.5706492619774688,1.053464381451282,0.025,0.0,-0.03,0.0,1.0,0.0,0.01
10,0.33332683012502745,79,0.0355583375376259,0.0,-0.02043459956133357,0.009565400438666428,0.00043459956133357243,0.8691991226671448,10.391292209163986,20.952029917870203,0.5215194736002868,0.025,0.0,-0.03,0.0,1.0,0.0,0.01
10,0.33332683012502745,80,0.0345563253567422,0.0,-0.02093729716028138,0.00906270283971862,0.0009372971602813803,1.8745943205627607,-17.02461238981394,34.008165355793594,1.1247565923376563,0.025,0.0,-0.03,0.0,1.0,0.0,0.01
