run_id,sol,E,tension,cyl_rad,approach_deg,geometric_fc,angular_span,num_contacts,total_energy
20260116_032231,approach_angle,20000000.0,3.0,0.015,45.0,False,94.82696098149438,28,509.70531285422874
20260116_032806,approach_angle,10000000.0,2.0,0.01,0.0,False,39.23361099204061,11,413.88869127030273
20260116_032955,approach_angle,10000000.0,2.0,0.01,12.86,False,48.41919575201274,22,318.65942823947285
20260116_033146,approach_angle,10000000.0,2.0,0.01,25.71,False,98.68851022528497,24,738.4955243106414
20260116_033337,approach_angle,10000000.0,2.0,0.01,38.57,True,230.52243756708816,30,362.98746503762044
20260116_033531,approach_angle,10000000.0,2.0,0.01,51.43,True,226.02134685680466,30,302.42763205658486
20260116_033725,approach_angle,10000000.0,2.0,0.01,64.29,False,31.086749079479375,7,1021.2495862514072
20260116_033911,approach_angle,10000000.0,2.0,0.01,77.14,False,1.79674837631228,2,481.2131288625077
20260116_034041,approach_angle,10000000.0,2.0,0.01,90.0,False,9.424484834315706,12,495.7169946237061
20260116_034154,approach_angle,10000000.0,2.0,0.015,0.0,False,43.32651864813306,26,625.1782612093083
20260116_034345,approach_angle,10000000.0,2.0,0.015,12.86,False,136.77022511959495,28,212.22492067695393
20260116_034534,approach_angle,10000000.0,2.0,0.015,25.71,True,202.86043145366426,34,311.22680663260655
20260116_034724,approach_angle,10000000.0,2.0,0.015,38.57,True,196.52068303953018,27,307.0304033052843
20260116_034915,approach_angle,10000000.0,2.0,0.015,51.43,False,91.48018187441448,26,278.8383091673783
20260116_035107,approach_angle,10000000.0,2.0,0.015,64.29,False,14.568269959715508,5,1026.9681263345137
20260116_035248,approach_angle,10000000.0,2.0,0.015,77.14,False,10.201974155107735,6,493.9964342410901
20260116_035420,approach_angle,10000000.0,2.0,0.015,90.0,False,24.048739846190756,24,485.33748721973035
20260116_035542,approach_angle,10000000.0,3.0,0.01,0.0,False,51.43210536920827,15,667.8146135121816
20260116_035731,approach_angle,10000000.0,3.0,0.01,12.86,False,39.393814136920355,29,316.14847634528735
20260116_035919,approach_angle,10000000.0,3.0,0.01,25.71,False,69.79996418505078,15,1615.11196976079
20260116_040112,approach_angle,10000000.0,3.0,0.01,38.57,False,70.29863475814301,15,1503.7537197073957
20260116_040305,approach_angle,10000000.0,3.0,0.01,51.43,True,238.2533600091325,31,316.5493242839928
20260116_040503,approach_angle,10000000.0,3.0,0.01,64.29,False,30.960871650185368,7,973.1282526785873
20260116_040649,approach_angle,10000000.0,3.0,0.01,77.14,False,39.34977488355236,12,1335.6817406640812
20260116_040946,approach_angle,10000000.0,3.0,0.015,0.0,False,48.43716439028083,28,793.499875052792
20260116_041139,approach_angle,10000000.0,3.0,0.015,12.86,False,19.325866237764103,9,803.4965726712761
20260116_041328,approach_angle,10000000.0,3.0,0.015,25.71,True,206.6951466511143,37,393.8381907292519
20260116_041521,approach_angle,10000000.0,3.0,0.015,38.57,False,146.14376988048983,13,1454.0312070247708
20260116_041717,approach_angle,10000000.0,3.0,0.015,51.43,False,101.08332771992042,28,306.97654777243446
20260116_041916,approach_angle,10000000.0,3.0,0.015,64.29,False,10.72691660869748,4,998.2704388807684
20260116_042101,approach_angle,10000000.0,3.0,0.015,77.14,False,8.308566738863249,4,823.0582420892034
20260116_042243,approach_angle,10000000.0,3.0,0.015,90.0,False,7.449970983261721,9,401.4593824932954
20260116_042418,approach_angle,10000000.0,5.0,0.01,0.0,False,0.9390447929210382,2,1146.3077392767834
20260116_042556,approach_angle,10000000.0,5.0,0.01,12.86,False,72.17906348533637,28,787.3491669561485
20260116_042747,approach_angle,10000000.0,5.0,0.01,25.71,False,70.53706625464275,15,1591.068224079833
20260116_042943,approach_angle,10000000.0,5.0,0.01,38.57,False,67.85531900613688,14,1442.0015494438871
20260116_043138,approach_angle,10000000.0,5.0,0.01,51.43,False,47.95331895907043,10,1202.0784083634298
20260116_043332,approach_angle,10000000.0,5.0,0.01,64.29,False,19.96550632532825,5,943.3491316468306
20260116_043521,approach_angle,10000000.0,5.0,0.01,77.14,False,14.886725928458247,16,779.623506983854
20260116_043828,approach_angle,10000000.0,5.0,0.015,0.0,False,23.74612834864024,11,206.39023463959722
20260116_044015,approach_angle,10000000.0,5.0,0.015,12.86,False,153.3898526747724,23,1371.8803455617506
20260116_044209,approach_angle,10000000.0,5.0,0.015,25.71,False,168.99551599447477,22,622.588557425959
20260116_044405,approach_angle,10000000.0,5.0,0.015,38.57,False,140.53605198501575,12,1412.6268233705994
20260116_044605,approach_angle,10000000.0,5.0,0.015,51.43,False,22.071230309491114,7,1162.1037966794847
20260116_044757,approach_angle,10000000.0,5.0,0.015,64.29,False,9.789699234649333,4,910.5534710410287
20260116_044946,approach_angle,10000000.0,5.0,0.015,77.14,False,0.0,1,1014.6617076523579
20260116_045130,approach_angle,10000000.0,5.0,0.015,90.0,False,9.518990208318769,7,460.9748274635036
20260116_045313,approach_angle,23300000.0,2.0,0.01,0.0,False,173.38257309476145,21,74.92888187361258
20260116_045600,approach_angle,23300000.0,2.0,0.01,12.86,False,59.89590767104556,16,412.29077173319365
20260116_045841,approach_angle,23300000.0,2.0,0.01,25.71,False,74.68831264986392,18,589.5797476660073
20260116_050127,approach_angle,23300000.0,2.0,0.01,38.57,False,75.53813020130474,19,517.6565325026914
20260116_050410,approach_angle,23300000.0,2.0,0.01,51.43,False,2.581303012258502,4,1269.8351388729195
20260116_051157,approach_angle,23300000.0,2.0,0.015,0.0,False,176.09938844664413,43,64.74701777943076
20260116_051459,approach_angle,23300000.0,2.0,0.015,12.86,True,197.78830989005496,37,327.91167165262436
20260116_051747,approach_angle,23300000.0,2.0,0.015,25.71,True,201.15276311303157,32,514.5879484890469
20260116_052032,approach_angle,23300000.0,2.0,0.015,38.57,True,203.85479158502162,28,433.8708398350349
20260116_052318,approach_angle,23300000.0,2.0,0.015,51.43,False,1.4241362572628873,5,811.126474102492
20260116_052600,approach_angle,23300000.0,2.0,0.015,64.29,False,0.0,1,1754.2050113616117
20260116_053157,approach_angle,23300000.0,3.0,0.01,0.0,False,176.45205067537304,25,531.5175292808043
20260116_053447,approach_angle,23300000.0,3.0,0.01,12.86,False,0.0,1,1749.2157609885019
20260116_053728,approach_angle,23300000.0,3.0,0.01,25.71,False,79.64398567829699,19,689.6011565880954
20260116_054014,approach_angle,23300000.0,3.0,0.01,38.57,True,180.65037964315275,22,646.2901657844573
20260116_054303,approach_angle,23300000.0,3.0,0.01,51.43,False,46.23567431534127,10,3011.5279976640836
20260116_054541,approach_angle,23300000.0,3.0,0.01,64.29,False,14.45741026764216,4,2636.5954431722535
20260116_055210,approach_angle,23300000.0,3.0,0.015,0.0,False,134.9674091782974,27,179.90448535807246
20260116_055508,approach_angle,23300000.0,3.0,0.015,12.86,False,31.660729200447577,13,1800.6122309820378
20260116_055803,approach_angle,23300000.0,3.0,0.015,25.71,True,202.47475950972913,34,637.5301137634775
20260116_060058,approach_angle,23300000.0,3.0,0.015,38.57,True,203.2759350148182,29,590.4091374763965
20260116_060355,approach_angle,23300000.0,3.0,0.015,51.43,False,25.330253749973053,8,2926.4186489624767
20260116_060646,approach_angle,23300000.0,3.0,0.015,64.29,False,13.977720910476933,5,2321.115038865035
20260116_061334,approach_angle,23300000.0,5.0,0.01,0.0,False,44.36521690625193,13,1172.3902547573139
20260116_061629,approach_angle,23300000.0,5.0,0.01,12.86,False,33.710061161269266,15,691.6006939915708
20260116_061921,approach_angle,23300000.0,5.0,0.01,25.71,False,73.31158533411758,16,3679.347108282995
20260116_062222,approach_angle,23300000.0,5.0,0.01,38.57,True,232.9326240500236,29,872.646594041122
20260116_062531,approach_angle,23300000.0,5.0,0.01,51.43,True,233.7722227753498,31,726.501370373071
20260116_062843,approach_angle,23300000.0,5.0,0.01,64.29,False,31.382359859439305,7,2371.9718011832847
20260116_063134,approach_angle,23300000.0,5.0,0.01,77.14,False,14.767246993791275,4,3449.8710838214283
20260116_063405,approach_angle,23300000.0,5.0,0.01,90.0,False,1.5211805883332659,3,3159.7108889164247
20260116_063600,approach_angle,23300000.0,5.0,0.015,0.0,False,43.04185473439162,26,1486.6963076855639
20260116_063901,approach_angle,23300000.0,5.0,0.015,12.86,False,132.29990479546385,26,505.5004165906794
20260116_064157,approach_angle,23300000.0,5.0,0.015,25.71,True,196.49872634433947,32,760.3913585546665
20260116_064455,approach_angle,23300000.0,5.0,0.015,38.57,True,201.49599127902357,29,730.0815318546963
20260116_064801,approach_angle,23300000.0,5.0,0.015,51.43,False,98.35409137598236,27,658.7319293120065
20260116_065106,approach_angle,23300000.0,5.0,0.015,64.29,False,14.47691515984684,5,2381.514739895977
20260116_065355,approach_angle,23300000.0,5.0,0.015,77.14,False,17.065173806879045,6,1064.5032197445826
20260116_065627,approach_angle,23300000.0,5.0,0.015,90.0,False,10.453320159553186,9,3536.749777706176
20260116_065838,approach_angle,36700000.0,2.0,0.01,0.0,False,161.4567412750811,33,2.967513549545406
20260116_070218,approach_angle,36700000.0,2.0,0.01,12.86,False,37.409027134327005,21,113.18035680688821
20260116_070545,approach_angle,36700000.0,2.0,0.01,25.71,False,42.13654750533851,16,477.38226737255616
20260116_070913,approach_angle,36700000.0,2.0,0.01,38.57,False,72.89043601539862,19,701.4316295847274
20260116_071240,approach_angle,36700000.0,2.0,0.01,51.43,False,1.301820089737305,4,1018.2496265541652
20260116_072303,approach_angle,36700000.0,2.0,0.015,0.0,False,34.80054531231741,14,15.947065135486456
20260116_072650,approach_angle,36700000.0,2.0,0.015,12.86,False,173.9422331253476,44,77.47444560149597
20260116_073032,approach_angle,36700000.0,2.0,0.015,25.71,True,186.313173495218,31,477.38226737255616
20260116_073359,approach_angle,36700000.0,2.0,0.015,38.57,True,203.17140734406428,28,598.1800364044875
20260116_073732,approach_angle,36700000.0,2.0,0.015,51.43,False,1.8423975373768258,5,1045.3075470625658
20260116_074102,approach_angle,36700000.0,2.0,0.015,64.29,False,0.6153512061616766,2,1647.48563919402
20260116_074808,approach_angle,36700000.0,3.0,0.01,0.0,False,170.31322744958652,26,36.84243478499259
20260116_075147,approach_angle,36700000.0,3.0,0.01,12.86,False,58.32185161065905,17,555.7517431486239
20260116_075514,approach_angle,36700000.0,3.0,0.01,25.71,False,74.71562328999187,18,914.888869761026
20260116_075846,approach_angle,36700000.0,3.0,0.01,38.57,False,75.52076693866962,19,789.047551684788
20260116_080216,approach_angle,36700000.0,3.0,0.01,51.43,False,1.3061194960208695,2,1984.4860537096974
20260116_081144,approach_angle,36700000.0,3.0,0.015,0.0,False,162.81254035993277,42,33.465618820579984
20260116_081527,approach_angle,36700000.0,3.0,0.015,12.86,True,192.60629882040735,39,433.25462850913766
20260116_081909,approach_angle,36700000.0,3.0,0.015,25.71,True,203.06175610680953,33,795.7237124752406
20260116_082241,approach_angle,36700000.0,3.0,0.015,38.57,True,204.99929516216758,29,663.7893706328427
20260116_082616,approach_angle,36700000.0,3.0,0.015,51.43,False,1.3425263169123127,5,1223.4097193420102
20260116_082944,approach_angle,36700000.0,3.0,0.015,64.29,False,0.0,1,2087.5190155443474
20260116_083731,approach_angle,36700000.0,5.0,0.01,0.0,False,175.71622932993574,24,768.2642058456057
20260116_084112,approach_angle,36700000.0,5.0,0.01,12.86,False,1.819515805997412,2,2768.146162127418
20260116_084442,approach_angle,36700000.0,5.0,0.01,25.71,True,180.08429905489268,21,1115.5703222139934
20260116_084819,approach_angle,36700000.0,5.0,0.01,38.57,True,196.66900254118508,27,1054.1660707303747
20260116_085202,approach_angle,36700000.0,5.0,0.01,51.43,False,50.79084217176552,11,4748.528096792659
20260116_085539,approach_angle,36700000.0,5.0,0.01,64.29,False,14.319268569858991,4,4120.836998064267
20260116_090357,approach_angle,36700000.0,5.0,0.015,0.0,False,134.5304917305654,27,324.2729903099199
20260116_090745,approach_angle,36700000.0,5.0,0.015,12.86,False,31.60047028208095,13,1682.2376448344996
20260116_091134,approach_angle,36700000.0,5.0,0.015,25.71,True,198.4471306429307,32,1032.9026218884114
20260116_091517,approach_angle,36700000.0,5.0,0.015,38.57,True,200.09983696075258,28,966.7768269247997
20260116_091901,approach_angle,36700000.0,5.0,0.015,51.43,False,25.694629155992573,8,4605.853776291804
20260116_092238,approach_angle,36700000.0,5.0,0.015,64.29,False,14.11122614996492,5,3713.0588822654718
20260116_092603,approach_angle,36700000.0,5.0,0.015,77.14,False,0.0,1,1653.7484019271828
20260116_093101,approach_angle,50000000.0,2.0,0.01,0.0,False,152.86330377926294,16,1.8143533848453082
20260116_093517,approach_angle,50000000.0,2.0,0.01,12.86,False,26.904087103032452,25,35.654939574829505
20260116_093916,approach_angle,50000000.0,2.0,0.01,25.71,False,28.44797117199596,18,206.4806297403299
20260116_094317,approach_angle,50000000.0,2.0,0.01,38.57,False,41.89312823396813,17,605.2631245315075
20260116_094713,approach_angle,50000000.0,2.0,0.01,51.43,False,40.94177932702098,13,838.0933441712859
20260116_095107,approach_angle,50000000.0,2.0,0.01,64.29,False,0.0,1,1611.6724662186161
20260116_095917,approach_angle,50000000.0,2.0,0.015,0.0,False,34.74741940409643,14,17.219935696210126
20260116_100332,approach_angle,50000000.0,2.0,0.015,12.86,False,160.68162756143428,40,22.415199797064222
20260116_100744,approach_angle,50000000.0,2.0,0.015,25.71,False,173.39551294995098,33,206.4806297403299
20260116_101140,approach_angle,50000000.0,2.0,0.015,38.57,True,183.42830709000728,26,605.2631245315075
20260116_101535,approach_angle,50000000.0,2.0,0.015,51.43,False,39.26259704346751,16,736.4006292147276
20260116_101942,approach_angle,50000000.0,2.0,0.015,64.29,False,0.8147262611888664,2,1156.297336684398
20260116_102848,approach_angle,50000000.0,3.0,0.01,0.0,False,157.96935377942742,29,2.704135445602687
20260116_103258,approach_angle,50000000.0,3.0,0.01,12.86,False,38.20574872777598,20,194.7489198769772
20260116_103656,approach_angle,50000000.0,3.0,0.01,25.71,False,51.85623254486637,17,856.797580851405
20260116_104055,approach_angle,50000000.0,3.0,0.01,38.57,False,71.78011273003,19,969.079720105762
20260116_104458,approach_angle,50000000.0,3.0,0.01,51.43,False,0.6996049037204557,3,1471.2996282646325
20260116_105656,approach_angle,50000000.0,3.0,0.015,0.0,False,34.70303089920833,14,20.20767879836908
20260116_110116,approach_angle,50000000.0,3.0,0.015,12.86,False,175.0993659559342,43,135.4718124446045
20260116_110529,approach_angle,50000000.0,3.0,0.015,25.71,True,197.1967391431199,32,856.797580851405
20260116_110921,approach_angle,50000000.0,3.0,0.015,38.57,True,200.67122091255305,28,828.8168956157875
20260116_111322,approach_angle,50000000.0,3.0,0.015,51.43,False,1.5135204075592128,6,1459.400833827605
20260116_111715,approach_angle,50000000.0,3.0,0.015,64.29,False,0.0,1,2384.0410735267765
20260116_112507,approach_angle,50000000.0,5.0,0.01,0.0,False,176.58584606377664,21,999.7802900398129
20260116_112912,approach_angle,50000000.0,5.0,0.01,12.86,False,39.6164956576373,22,686.805254619041
20260116_113305,approach_angle,50000000.0,5.0,0.01,25.71,False,75.80603006839061,18,1347.053955555353
20260116_113704,approach_angle,50000000.0,5.0,0.01,38.57,False,71.06091170235845,17,1267.5891139086411
20260116_114105,approach_angle,50000000.0,5.0,0.01,51.43,False,19.794706811270657,6,5339.655497120223
20260116_114452,approach_angle,50000000.0,5.0,0.01,64.29,False,6.983491043047991,2,6018.43067057512
20260116_115345,approach_angle,50000000.0,5.0,0.015,0.0,True,190.79658472280798,38,1144.6686014572895
20260116_115754,approach_angle,50000000.0,5.0,0.015,12.86,True,195.69199056230218,37,657.898429881505
20260116_120205,approach_angle,50000000.0,5.0,0.015,25.71,True,204.09696067400577,33,1220.818791777767
20260116_120607,approach_angle,50000000.0,5.0,0.015,38.57,True,204.91651004735218,28,1048.6175179928514
20260116_121016,approach_angle,50000000.0,5.0,0.015,51.43,False,21.323392256950797,7,6012.056368072807
20260116_121421,approach_angle,50000000.0,5.0,0.015,64.29,False,11.737978232996568,4,5026.955060703711
20260116_122345,nonuniform_tendon,10000000.0,0.1,0.01,0.0,False,0.0,1,243.78575568149748
20260116_141328,approach_angle,20000000.0,3.0,0.015,45.0,False,95.03403484958773,28,502.0576142261469
20260116_142914,approach_angle,20000000.0,3.0,0.015,45.0,False,95.03403484958773,28,502.0576142261469
20260116_143403,approach_angle,20000000.0,3.0,0.015,45.0,False,95.03403484958773,28,502.0576142261469
20260116_144004,approach_angle,20000000.0,3.0,0.015,45.0,False,95.03403484958773,28,502.0576142261469
20260116_144635,approach_angle,20000000.0,3.0,0.015,45.0,False,95.03403484958773,28,502.0576142261469
20260116_145048,approach_angle,20000000.0,3.0,0.015,45.0,False,95.03403484958773,28,502.0576142261469
20260116_155336,approach_angle,20000000.0,3.0,0.015,45.0,False,95.03403484958773,28,502.0576142261469
20260122_101018,approach_angle,20000000.0,3.0,0.015,45.0,False,94.82696098149438,28,509.70531285422874
20260122_102448,approach_angle,20000000.0,3.0,0.015,45.0,False,94.82696098149438,28,509.70531285422874
